temperature,humidity,w_c_ratio,cement_type,curing_time,strength,cycle_time,cost
29.4,49.3,0.4,0,35,43.8,38.8,1110
43.8,67.1,0.4,0,20,54.2,38.1,1105
38.3,83.6,0.53,0,46,49.5,35.8,1086
35.0,76.6,0.4,1,31,49.5,39.7,1218
23.9,80.3,0.4,0,48,39.4,39.3,1114
23.9,72.9,0.5,1,28,39.6,52.6,1321
21.5,74.6,0.44,1,42,38.9,45.0,1260
41.7,82.5,0.51,0,19,51.1,46.0,1168
35.0,52.5,0.36,0,26,48.2,38.2,1106
37.7,64.5,0.45,1,42,52.0,33.1,1165
20.5,51.1,0.36,1,41,39.3,40.7,1226
44.2,89.4,0.36,0,31,55.0,32.9,1063
40.8,87.2,0.53,0,23,50.2,45.9,1167
25.3,42.0,0.38,0,28,40.5,43.7,1150
24.5,75.3,0.46,1,41,41.0,44.3,1254
24.6,86.3,0.43,1,40,41.2,44.6,1257
27.6,49.0,0.42,1,30,43.9,43.4,1247
33.1,68.4,0.53,1,22,46.4,49.9,1299
30.8,85.8,0.35,1,45,47.2,34.5,1176
27.3,41.7,0.48,0,18,40.6,51.3,1210
35.3,74.9,0.54,0,45,47.1,37.9,1103
23.5,54.9,0.46,1,31,40.2,47.9,1283
27.3,86.2,0.54,1,35,42.0,49.6,1297
29.2,88.6,0.36,0,21,42.5,48.3,1186
31.4,87.2,0.43,0,43,44.7,38.4,1107
39.6,63.7,0.4,0,26,51.2,37.7,1102
25.0,83.1,0.5,0,48,39.2,42.8,1142
32.9,82.2,0.55,1,31,46.2,47.7,1282
34.8,56.0,0.4,0,14,46.9,46.2,1170
21.2,81.4,0.48,1,48,38.4,44.5,1256
35.2,41.9,0.39,0,19,47.9,41.6,1133
24.3,69.8,0.46,0,34,38.6,47.4,1179
21.6,51.5,0.44,0,22,36.4,52.6,1221
43.7,46.0,0.54,1,19,55.1,42.1,1237
44.1,43.8,0.47,1,40,57.2,28.3,1126
40.2,74.8,0.42,0,41,52.0,31.6,1053
27.6,57.0,0.37,1,21,43.8,46.7,1274
22.4,76.2,0.38,1,39,40.0,43.6,1249
37.1,43.3,0.4,0,47,50.7,26.9,1015
31.0,55.8,0.4,0,24,44.4,43.9,1151
23.1,67.0,0.52,1,43,39.6,45.8,1266
32.4,79.5,0.46,1,47,47.6,36.2,1190
20.9,55.9,0.45,1,48,39.0,41.0,1228
42.7,71.3,0.37,0,37,54.4,29.5,1036
26.5,84.3,0.52,0,33,39.5,50.2,1202
36.6,70.8,0.49,1,15,49.2,49.6,1297
27.8,51.6,0.36,0,42,43.2,35.1,1081
33.0,41.2,0.49,0,29,45.6,42.1,1137
33.7,83.5,0.46,1,35,47.9,41.7,1234
24.6,41.1,0.37,1,34,42.4,40.7,1226
44.2,83.7,0.44,0,33,54.4,34.5,1076
39.4,66.4,0.45,0,13,49.8,46.6,1173
43.5,87.0,0.38,1,42,56.9,28.4,1127
42.4,79.9,0.54,0,22,51.5,44.9,1159
34.9,89.9,0.52,0,39,46.4,41.9,1135
43.0,57.5,0.48,1,43,56.1,29.4,1135
22.2,78.4,0.44,1,16,38.1,57.9,1363
24.9,60.1,0.43,0,21,39.0,51.3,1210
21.1,64.0,0.48,0,35,36.1,49.3,1194
28.1,71.4,0.46,0,46,42.3,38.9,1111
29.7,83.7,0.36,1,34,45.7,41.0,1228
26.8,89.2,0.45,0,28,40.1,50.2,1202
40.7,78.4,0.51,0,12,50.0,49.8,1198
28.9,60.9,0.44,1,42,45.1,38.5,1208
27.0,61.1,0.36,1,42,44.4,36.6,1193
33.6,76.9,0.51,0,45,46.0,38.1,1105
23.5,51.9,0.39,1,20,40.4,50.3,1302
40.1,45.5,0.4,1,33,54.3,32.0,1156
21.9,57.7,0.38,0,24,37.3,49.6,1197
44.7,54.4,0.42,1,36,57.8,28.9,1131
39.3,54.8,0.5,1,29,52.3,39.5,1216
25.0,51.7,0.45,0,23,39.1,50.2,1202
20.1,42.1,0.39,1,28,38.2,47.7,1282
40.4,40.9,0.53,0,26,51.0,40.0,1120
37.7,89.4,0.53,0,26,47.9,46.8,1174
38.2,61.4,0.52,1,26,50.9,43.2,1246
39.3,59.2,0.4,1,24,53.0,38.4,1207
21.9,74.0,0.44,1,28,38.5,51.7,1314
29.0,50.9,0.55,0,43,42.3,41.3,1130
22.9,87.5,0.5,1,20,38.1,58.7,1370
41.6,79.3,0.36,0,31,53.1,33.7,1070
35.6,44.5,0.36,1,37,51.3,31.4,1151
28.3,60.9,0.44,1,38,44.4,40.9,1227
21.6,84.0,0.53,1,32,37.4,54.5,1336
27.8,87.2,0.46,0,29,40.8,49.2,1194
28.1,63.4,0.45,1,24,43.4,48.7,1290
38.2,70.7,0.37,1,27,52.3,37.6,1201
35.9,48.4,0.48,0,20,47.5,44.9,1159
42.2,89.6,0.51,0,23,51.5,44.3,1154
31.8,51.6,0.43,1,30,47.1,41.1,1229
23.0,87.1,0.51,1,18,38.0,60.0,1380
37.8,72.5,0.54,1,46,51.2,35.4,1183
39.0,70.4,0.39,0,29,50.8,36.8,1094
34.0,65.6,0.45,0,27,46.2,43.3,1146
39.3,51.5,0.41,0,15,50.6,42.5,1140
32.3,48.8,0.51,0,36,45.1,40.7,1126
33.1,51.0,0.47,1,43,48.4,35.2,1182
30.7,49.3,0.48,0,24,43.5,46.6,1173
20.6,79.0,0.51,0,28,34.7,55.9,1247
22.7,57.5,0.43,0,48,38.6,39.1,1113
20.8,42.9,0.53,1,17,36.8,58.4,1367
35.9,88.5,0.46,1,30,49.3,43.1,1245
27.9,84.2,0.38,0,24,41.5,48.1,1185
32.7,86.4,0.49,0,37,44.9,42.8,1142
42.7,89.7,0.51,1,25,54.0,43.0,1244
26.2,48.7,0.41,1,42,43.5,37.9,1203
30.3,59.8,0.52,1,15,44.1,54.1,1333
38.9,77.9,0.53,1,19,50.7,48.3,1286
25.7,74.8,0.41,1,36,42.3,43.9,1251
21.9,47.7,0.55,1,24,37.8,55.4,1343
27.2,80.8,0.38,1,43,44.0,38.7,1210
24.0,51.2,0.39,1,39,41.7,40.4,1223
43.2,51.2,0.39,0,41,55.2,26.0,1008
40.2,66.8,0.53,0,14,49.7,48.7,1190
35.8,69.6,0.48,0,39,47.9,37.6,1101
41.8,69.0,0.38,0,14,52.5,41.8,1134
40.1,44.6,0.44,0,45,52.5,27.5,1020
24.7,83.9,0.47,0,27,38.2,52.4,1219
42.3,53.3,0.37,1,33,56.2,30.0,1140
33.5,46.5,0.53,1,43,48.2,36.9,1195
40.2,84.4,0.51,0,19,49.8,47.2,1178
42.4,87.8,0.45,0,19,52.1,43.6,1149
28.0,83.1,0.54,1,17,41.7,57.8,1362
22.8,80.5,0.43,1,25,39.1,52.8,1322
25.7,72.8,0.55,1,43,41.3,45.8,1266
30.7,67.5,0.48,0,46,44.2,37.5,1100
40.5,44.3,0.48,1,21,53.3,40.8,1226
41.5,60.4,0.38,0,14,52.4,41.2,1130
20.2,58.6,0.53,0,23,34.3,57.4,1259
32.8,53.0,0.44,1,42,48.4,34.9,1179
30.4,76.2,0.38,1,40,46.5,37.5,1200
25.6,64.8,0.35,0,16,40.0,50.6,1205
23.0,44.1,0.46,1,36,40.2,44.7,1258
28.4,51.0,0.46,1,42,44.7,38.6,1209
43.6,74.2,0.49,0,32,53.6,36.5,1092
28.1,43.8,0.53,1,31,43.4,46.4,1271
33.0,82.6,0.37,0,33,46.2,39.5,1116
37.6,64.8,0.5,0,15,48.0,48.7,1190
29.1,64.0,0.39,1,24,44.8,45.6,1265
44.3,69.6,0.52,0,31,53.9,37.3,1098
44.1,81.2,0.51,0,24,53.3,41.6,1133
26.3,57.4,0.46,1,28,42.2,47.7,1282
32.4,73.9,0.49,1,47,47.4,36.8,1194
27.5,68.3,0.41,1,44,44.2,38.0,1204
27.1,53.4,0.44,0,12,40.3,54.0,1232
20.9,83.9,0.51,0,26,34.7,57.2,1258
35.2,79.9,0.44,1,24,48.9,45.0,1260
32.6,72.9,0.42,0,28,45.3,43.3,1146
21.3,82.5,0.45,1,35,38.1,49.8,1298
27.0,83.4,0.52,1,19,41.2,56.7,1354
42.7,75.4,0.42,0,38,53.9,31.4,1051
26.0,81.9,0.38,1,34,42.6,44.2,1254
23.6,74.9,0.49,0,19,36.9,57.1,1257
32.2,74.0,0.52,0,19,43.5,52.2,1218
44.6,70.9,0.37,1,37,57.9,28.2,1126
26.1,77.6,0.4,0,24,40.0,49.5,1196
36.8,47.9,0.38,1,48,52.6,26.2,1110
39.0,84.0,0.42,0,39,50.8,34.4,1075
25.9,83.6,0.44,0,36,39.9,45.8,1166
38.2,41.5,0.5,0,27,49.6,39.9,1119
29.2,81.3,0.48,1,13,43.1,56.4,1351
35.8,46.4,0.47,0,29,48.0,39.9,1119
35.8,56.8,0.42,1,28,50.2,39.4,1215
33.4,77.2,0.52,0,41,45.5,40.6,1125
22.3,48.0,0.44,0,24,37.2,50.8,1206
40.9,80.9,0.55,1,43,53.3,36.0,1188
28.0,81.6,0.48,1,40,43.5,43.8,1250
24.7,65.4,0.38,1,41,42.2,40.0,1220
21.0,40.3,0.49,1,29,38.0,50.4,1303
34.8,54.4,0.42,1,24,49.3,41.9,1235
36.9,70.8,0.49,0,32,48.3,40.8,1126
20.4,89.1,0.36,0,41,36.5,44.5,1156
32.8,71.6,0.38,1,32,48.1,39.4,1215
25.7,53.0,0.52,0,28,39.2,50.1,1201
36.1,71.7,0.4,0,30,48.4,38.9,1111
24.4,67.0,0.52,0,26,37.8,53.4,1227
37.3,79.0,0.41,1,20,50.7,44.2,1254
29.7,45.3,0.48,0,21,42.6,48.4,1187
43.4,78.1,0.49,0,42,53.9,32.0,1056
23.4,67.1,0.45,0,34,38.1,47.3,1178
28.5,88.1,0.41,1,41,44.5,40.8,1226
22.8,57.1,0.39,0,44,38.9,39.4,1115
43.1,71.6,0.36,0,20,53.9,37.4,1099
41.9,86.6,0.41,1,12,53.8,45.7,1266
26.4,45.1,0.48,1,46,43.2,38.2,1206
36.5,86.9,0.54,0,22,46.7,49.7,1198
40.4,74.4,0.52,0,45,51.4,33.5,1068
33.9,43.4,0.5,1,27,48.1,43.1,1245
33.2,55.0,0.51,1,20,46.9,48.7,1290
26.0,75.4,0.48,1,43,42.1,43.0,1244
22.3,43.4,0.4,1,26,39.8,47.7,1282
42.4,69.1,0.53,1,23,53.9,42.9,1243
42.5,57.3,0.48,1,44,55.8,29.2,1134
35.8,71.0,0.46,1,25,49.4,43.9,1251
28.5,42.3,0.37,0,19,42.7,45.6,1165
28.7,83.6,0.44,1,19,43.3,52.4,1319
38.1,88.7,0.44,1,38,51.7,36.8,1194
42.4,88.4,0.52,0,23,51.6,44.5,1156
42.2,77.5,0.46,1,12,53.7,46.6,1273
39.5,46.5,0.43,1,22,53.0,39.2,1214
36.1,77.9,0.55,0,42,47.4,39.5,1116
22.1,41.2,0.37,1,28,40.1,45.4,1263
24.0,41.1,0.43,0,44,39.8,38.5,1108
42.5,56.2,0.36,0,43,54.9,24.8,998
35.2,64.4,0.5,0,40,47.4,37.8,1102
20.2,78.5,0.53,0,32,34.4,54.9,1239
22.5,74.2,0.41,1,32,39.5,48.1,1285
36.6,62.3,0.52,0,34,48.0,40.4,1123
20.1,53.7,0.41,0,17,35.3,55.2,1242
24.0,89.9,0.53,1,33,39.3,52.9,1323
33.7,61.3,0.5,0,48,46.6,34.5,1076
37.3,62.6,0.51,0,19,47.9,47.0,1176
36.3,48.2,0.35,0,46,50.4,26.4,1011
25.6,79.7,0.54,0,22,38.1,56.6,1253
37.8,74.7,0.5,1,35,51.0,39.5,1216
25.9,51.0,0.41,0,32,40.7,43.4,1147
28.1,44.1,0.52,1,13,42.5,55.0,1340
38.7,74.0,0.41,1,30,52.4,37.7,1202
36.2,72.7,0.52,0,39,47.8,39.2,1114
41.2,53.7,0.37,0,28,53.1,33.3,1066
36.4,87.5,0.49,0,17,46.8,50.4,1203
34.2,47.6,0.46,0,30,46.8,40.2,1122
22.3,61.6,0.37,1,39,40.4,41.8,1234
29.2,87.2,0.4,1,13,43.8,53.8,1330
26.6,61.0,0.35,1,48,44.5,33.5,1168
26.1,71.9,0.44,0,15,39.3,55.0,1240
44.3,59.9,0.41,1,33,57.3,30.9,1147
29.8,53.7,0.47,0,37,43.4,40.8,1126
42.3,89.2,0.41,0,47,53.8,28.2,1026
35.8,60.5,0.41,0,24,48.0,41.4,1131
39.9,84.7,0.5,0,43,50.9,35.0,1080
32.6,51.5,0.36,0,28,46.3,38.7,1110
34.4,50.7,0.53,1,47,49.1,34.7,1178
32.3,41.6,0.52,1,30,46.8,43.4,1247
24.9,72.6,0.48,0,46,39.5,42.0,1136
38.1,58.4,0.47,1,39,52.1,34.5,1176
27.0,83.2,0.53,0,12,38.7,60.6,1285
20.6,63.7,0.39,0,29,36.3,49.1,1193
36.1,88.4,0.37,0,44,49.1,32.4,1059
24.4,49.3,0.4,1,23,41.2,48.4,1287
43.5,83.4,0.51,0,19,52.5,44.8,1158
43.8,78.8,0.36,0,35,55.1,30.1,1041
42.9,78.5,0.47,1,27,54.9,39.1,1213
29.3,82.2,0.55,1,15,42.5,58.2,1366
20.4,78.1,0.52,1,38,37.0,51.3,1310
43.2,71.3,0.45,0,20,53.1,40.9,1127
30.7,46.6,0.36,0,27,44.9,40.1,1121
44.2,41.6,0.52,1,23,56.0,38.5,1208
44.1,86.0,0.47,0,42,54.5,31.5,1052
41.3,70.8,0.37,1,35,55.2,31.5,1152
27.4,79.8,0.37,1,25,43.4,47.1,1277
29.6,64.1,0.53,0,36,42.4,44.9,1159
41.3,45.9,0.48,0,45,53.1,28.4,1027
27.9,46.3,0.52,1,14,42.4,54.9,1339
24.2,74.3,0.53,1,35,39.8,50.2,1302
33.9,61.5,0.46,1,20,47.8,46.8,1274
43.4,50.0,0.45,1,37,56.6,30.1,1141
37.4,64.6,0.44,0,31,49.3,38.4,1107
34.3,43.2,0.41,1,21,49.0,42.2,1238
22.4,69.1,0.44,1,30,39.1,49.8,1298
35.4,53.4,0.5,1,14,48.5,49.6,1297
44.8,79.9,0.47,0,35,54.8,33.9,1071
23.5,55.5,0.53,0,16,36.7,58.3,1266
33.0,62.8,0.44,1,14,46.9,49.8,1298
41.9,40.6,0.47,0,38,53.4,30.5,1044
38.5,43.6,0.48,0,27,50.0,39.1,1113
37.4,59.6,0.47,0,26,48.8,41.6,1133
37.6,64.0,0.49,1,46,51.7,32.7,1162
29.0,70.0,0.4,1,23,44.4,47.2,1278
27.3,54.6,0.45,0,37,41.6,41.8,1134
40.2,74.7,0.37,1,45,54.7,27.6,1121
40.3,83.0,0.43,1,34,53.5,36.3,1190
41.7,79.0,0.45,0,42,52.9,31.7,1054
42.8,42.0,0.48,0,31,53.6,33.9,1071
32.8,64.0,0.54,1,23,46.2,49.5,1296
32.5,45.2,0.47,0,34,45.6,39.6,1117
40.0,52.1,0.5,1,15,52.2,45.7,1266
36.2,89.3,0.45,1,34,49.9,40.6,1225
37.5,47.1,0.48,0,12,48.4,47.7,1182
39.9,64.9,0.36,1,36,54.3,31.0,1148
42.3,70.9,0.4,1,13,54.6,43.0,1244
28.4,75.1,0.42,0,41,42.6,39.9,1119
29.4,68.0,0.44,0,14,42.0,52.8,1222
22.3,40.5,0.36,0,32,38.5,42.8,1142
34.5,56.3,0.38,1,36,50.0,34.7,1178
20.9,65.9,0.41,0,31,36.4,48.9,1191
31.6,44.4,0.54,0,33,44.1,43.4,1147
33.6,57.5,0.42,0,32,46.6,39.0,1112
27.2,41.7,0.45,0,44,42.1,37.1,1097
34.8,43.9,0.39,1,26,49.9,38.6,1209
20.8,59.8,0.47,1,26,37.5,53.2,1326
20.9,46.6,0.41,0,36,37.0,44.4,1155
40.6,68.4,0.39,1,32,54.3,34.0,1172
29.0,74.5,0.45,0,35,42.5,43.7,1150
23.2,80.0,0.35,0,16,37.8,53.8,1230
33.1,50.0,0.35,1,17,48.3,43.3,1246
39.2,48.4,0.39,1,34,53.7,32.0,1156
25.4,45.2,0.36,0,15,40.1,49.6,1197
35.6,71.8,0.37,0,38,48.7,34.1,1073
22.1,75.3,0.42,1,29,38.9,50.4,1303
21.3,41.6,0.51,0,32,36.2,49.7,1198
33.3,86.8,0.46,1,39,47.8,40.3,1222
33.5,42.6,0.45,0,46,47.2,31.8,1054
35.9,67.1,0.41,0,33,48.4,37.5,1100
38.2,75.5,0.54,1,34,50.9,41.4,1231
44.4,83.5,0.43,1,14,55.8,43.5,1248
32.9,75.7,0.37,1,21,47.7,44.8,1258
28.1,80.1,0.47,1,36,43.5,45.1,1261
39.9,57.0,0.37,1,19,53.5,39.1,1213
26.8,80.7,0.42,1,22,42.2,51.1,1309
31.0,44.0,0.45,1,16,45.7,48.7,1290
22.0,84.7,0.52,0,48,36.6,45.9,1167
20.6,67.4,0.45,0,40,36.1,46.3,1170
44.1,80.9,0.49,0,16,53.1,44.8,1158
40.9,62.6,0.55,1,20,52.5,45.6,1265
37.4,72.2,0.38,1,13,50.8,45.7,1266
30.2,66.3,0.4,1,12,44.9,51.5,1312
24.3,76.6,0.43,0,41,39.2,43.4,1147
23.9,44.1,0.43,1,22,40.5,49.9,1299
26.3,43.0,0.43,1,39,43.3,39.6,1217
33.7,52.4,0.53,0,23,45.3,47.4,1179
37.9,48.0,0.49,1,37,51.8,35.4,1183
36.5,83.6,0.47,0,24,47.5,45.6,1165
27.0,51.0,0.41,0,19,40.9,49.1,1193
43.9,88.8,0.51,1,39,55.7,35.1,1181
38.4,56.8,0.54,1,41,51.7,35.9,1187
33.9,49.1,0.51,1,20,47.5,47.6,1281
35.3,79.5,0.35,0,42,48.7,32.2,1058
30.5,72.9,0.48,0,32,43.2,45.1,1161
26.2,64.9,0.36,0,45,41.8,36.0,1088
28.9,67.8,0.4,1,42,45.4,37.6,1201
38.9,76.0,0.36,1,36,53.3,32.8,1162
20.4,51.4,0.47,1,23,37.2,54.2,1334
22.9,89.8,0.49,1,12,37.7,62.6,1401
21.2,88.7,0.37,0,33,36.6,48.3,1186
21.0,72.5,0.43,0,48,36.9,41.8,1134
41.4,50.0,0.44,0,12,51.8,43.6,1149
37.6,74.0,0.42,0,12,48.5,47.9,1183
31.9,43.6,0.37,1,32,48.0,36.8,1194
22.4,41.5,0.43,1,26,39.6,48.7,1290
32.3,52.9,0.5,1,28,46.7,44.7,1258
31.8,63.1,0.36,0,33,45.7,38.0,1104
24.3,83.4,0.37,0,46,39.9,39.1,1113
30.8,76.4,0.42,1,27,45.8,45.4,1263
30.0,77.1,0.54,1,19,43.5,54.8,1338
35.4,61.3,0.48,0,28,47.2,42.6,1141
35.9,57.3,0.49,1,28,49.6,42.2,1238
21.1,58.6,0.42,0,37,36.9,45.4,1163
29.4,89.4,0.47,0,24,41.7,51.2,1210
35.6,42.0,0.35,0,28,49.0,35.3,1082
32.6,83.4,0.48,1,28,46.5,46.7,1274
41.4,68.9,0.53,1,25,53.2,42.6,1241
36.5,61.9,0.47,0,17,47.6,46.9,1175
24.1,76.3,0.52,1,46,40.4,44.6,1257
21.8,64.3,0.49,0,25,36.0,54.3,1234
36.1,83.7,0.37,0,19,48.0,44.4,1155
20.7,85.0,0.53,0,26,34.4,58.2,1266
34.6,61.1,0.36,0,38,48.3,33.3,1066
43.5,53.8,0.46,1,24,55.8,37.3,1198
34.4,69.6,0.38,0,42,47.9,33.1,1065
29.7,85.6,0.35,0,46,44.3,34.8,1078
36.1,50.5,0.43,1,17,49.9,44.5,1256
31.5,71.1,0.41,0,16,44.0,49.5,1196
33.6,71.6,0.45,0,33,46.1,41.1,1129
43.5,76.7,0.47,1,34,55.8,35.0,1180
29.7,46.6,0.36,1,36,46.5,36.3,1190
44.0,75.8,0.37,1,45,57.7,25.1,1101
42.6,85.5,0.46,0,37,53.1,34.6,1077
24.9,49.0,0.42,1,16,41.0,52.3,1318
21.7,51.9,0.5,1,37,38.7,47.5,1280
22.5,88.6,0.48,0,31,36.5,52.8,1222
20.5,49.0,0.52,0,17,34.6,58.8,1270
22.4,82.7,0.49,0,17,35.7,59.7,1278
37.1,64.6,0.44,0,29,48.9,39.6,1117
21.8,52.4,0.48,0,15,35.8,57.7,1262
28.0,83.5,0.41,1,28,43.5,47.2,1278
41.1,62.3,0.41,1,25,54.3,37.4,1199
20.6,65.7,0.51,1,25,36.8,56.0,1348
40.4,58.0,0.44,0,24,51.5,39.1,1113
27.0,69.6,0.51,0,18,39.5,55.5,1244
23.0,48.2,0.51,0,26,37.1,52.1,1217
37.4,59.6,0.52,1,30,50.5,41.6,1233
35.7,88.5,0.53,1,46,49.3,38.1,1205
41.9,52.9,0.44,0,28,53.0,35.6,1085
38.4,72.8,0.41,1,46,53.0,29.8,1138
40.1,56.3,0.47,0,30,51.3,37.4,1099
27.1,78.7,0.42,1,31,43.0,46.2,1270
24.4,46.5,0.47,1,47,41.7,38.9,1211
38.8,88.5,0.49,1,46,52.2,34.3,1174
40.2,62.7,0.49,0,43,51.7,32.2,1058
44.8,51.8,0.42,1,35,57.9,29.1,1133
30.3,43.7,0.38,1,28,46.5,40.4,1223
29.3,48.5,0.44,0,18,42.5,48.9,1191
39.4,66.0,0.38,1,12,52.5,44.2,1254
28.5,56.9,0.53,0,46,42.2,39.9,1119
43.3,81.4,0.42,0,43,54.5,29.1,1033
41.5,61.5,0.38,0,47,54.0,24.8,998
30.7,52.4,0.36,0,24,44.6,42.2,1138
38.8,70.9,0.48,0,17,49.2,46.6,1173
38.9,75.3,0.48,1,25,51.6,43.0,1244
22.6,48.4,0.42,0,48,38.8,37.8,1102
42.6,48.4,0.36,0,26,54.3,32.4,1059
32.6,41.8,0.43,0,15,45.2,47.1,1177
40.7,76.8,0.41,0,27,51.8,38.1,1105
28.0,73.2,0.49,1,39,43.5,43.8,1250
42.4,63.7,0.47,0,27,52.8,38.0,1104
29.7,82.2,0.42,1,15,44.2,52.7,1322
20.3,80.3,0.39,0,37,36.1,46.9,1175
42.6,69.3,0.55,1,39,54.6,35.6,1185
22.3,83.4,0.44,0,43,37.4,44.8,1158
28.0,50.3,0.49,0,13,40.6,54.5,1236
43.8,45.6,0.38,1,42,57.9,24.1,1093
43.8,53.5,0.45,0,14,53.7,41.7,1134
34.3,42.9,0.36,1,19,49.4,41.2,1230
35.8,66.6,0.45,0,35,48.1,38.1,1105
31.2,86.8,0.54,1,26,44.6,51.4,1311
27.3,42.0,0.43,0,42,42.3,37.3,1098
28.2,46.1,0.36,0,20,42.5,45.3,1162
36.8,62.6,0.36,1,13,50.7,44.4,1255
38.8,86.7,0.43,0,19,49.5,45.2,1162
39.8,55.8,0.38,0,18,51.3,39.9,1119
39.7,65.4,0.35,0,27,51.8,35.2,1082
22.3,42.1,0.5,0,46,37.8,41.6,1133
32.4,47.4,0.44,0,41,46.1,35.2,1082
21.4,89.3,0.41,0,21,35.8,55.9,1247
33.7,88.3,0.53,1,29,46.8,47.9,1283
31.0,40.2,0.37,1,16,46.6,45.1,1261
42.2,87.6,0.54,1,40,54.1,36.8,1194
28.8,72.0,0.41,0,45,43.3,36.9,1095
22.9,83.4,0.53,1,34,38.6,52.5,1320
23.6,62.7,0.47,0,16,37.2,56.6,1253
39.0,65.8,0.52,0,41,50.2,35.6,1085
35.5,64.4,0.55,0,17,46.0,51.1,1209
22.5,73.3,0.41,0,15,36.7,56.5,1252
22.1,47.0,0.54,1,40,38.8,46.8,1274
37.5,41.5,0.43,0,34,50.1,34.1,1073
21.8,55.4,0.43,1,17,38.4,55.0,1340
40.5,75.2,0.42,0,43,52.3,30.5,1044
37.7,50.1,0.46,1,29,51.5,38.5,1208
22.0,73.7,0.38,1,26,39.1,50.2,1302
22.1,88.5,0.46,1,43,39.0,46.3,1270
44.7,44.7,0.46,1,20,56.8,37.6,1201
29.4,73.6,0.5,1,48,44.9,38.8,1210
29.3,62.2,0.52,1,21,43.5,52.0,1316
40.3,83.4,0.44,0,31,51.2,38.2,1106
43.7,48.9,0.41,1,17,56.2,38.2,1206
44.7,74.6,0.4,0,14,54.5,41.2,1130
38.8,81.9,0.39,1,22,52.1,41.6,1233
29.4,87.2,0.36,0,28,43.1,44.5,1156
22.1,74.2,0.42,1,43,39.6,43.2,1246
39.4,64.9,0.4,1,15,52.5,43.4,1247
34.0,70.9,0.54,0,15,44.6,53.4,1227
30.6,83.4,0.46,1,28,45.1,47.3,1278
42.7,68.5,0.42,1,30,55.6,34.8,1178
22.8,41.5,0.47,1,16,39.0,55.0,1340
32.3,86.5,0.38,0,43,46.0,35.7,1086
20.3,74.5,0.44,1,33,37.5,50.3,1302
31.7,73.8,0.48,0,17,43.4,51.9,1215
21.4,50.8,0.45,1,46,39.4,41.1,1229
23.0,72.9,0.43,1,33,39.8,47.9,1283
22.9,59.7,0.55,0,12,35.7,61.9,1295
36.2,72.6,0.53,1,31,49.3,43.6,1249
38.7,45.3,0.47,1,33,52.5,35.7,1186
34.6,72.9,0.46,0,22,46.2,46.5,1172
44.1,90.0,0.47,1,24,55.5,40.9,1227
29.4,42.4,0.39,0,14,43.0,48.3,1186
27.1,88.9,0.43,0,20,40.1,53.1,1225
41.7,60.3,0.36,0,23,53.2,35.7,1086
25.6,83.5,0.45,1,34,41.5,47.4,1279
44.1,79.1,0.46,0,25,53.8,38.9,1111
20.3,68.4,0.4,0,44,36.6,42.6,1141
44.2,76.9,0.54,1,29,55.4,39.8,1218
21.1,83.9,0.53,0,20,34.4,60.8,1286
42.3,60.2,0.49,1,34,54.9,35.0,1180
33.2,56.4,0.46,1,21,47.4,46.3,1270
44.8,73.4,0.52,1,30,56.2,37.8,1202
21.8,80.4,0.38,1,16,38.3,56.0,1348
33.8,78.1,0.51,0,34,45.6,43.6,1149
44.2,79.9,0.37,0,41,55.6,27.4,1019
33.1,61.8,0.51,0,36,45.4,41.4,1131
35.7,80.9,0.41,0,39,48.3,36.0,1088
37.4,46.0,0.53,0,45,49.4,33.1,1065
31.4,67.2,0.54,1,36,45.7,44.3,1254
35.7,40.3,0.38,0,21,48.5,39.7,1118
34.6,56.2,0.44,0,25,46.9,42.5,1140
42.5,58.3,0.55,0,41,52.9,33.6,1069
21.1,59.8,0.45,1,36,38.5,47.2,1278
27.0,74.8,0.52,1,25,41.7,52.9,1323
43.8,59.4,0.47,0,46,55.0,27.1,1017
42.3,62.4,0.43,1,45,56.0,27.3,1118
31.4,51.9,0.41,0,21,44.5,45.1,1161
35.5,58.7,0.39,0,46,49.1,29.6,1037
26.9,51.4,0.5,1,22,42.1,51.3,1310
24.7,43.7,0.43,1,22,41.2,49.3,1294
31.6,70.2,0.45,0,32,44.5,42.9,1143
28.8,73.4,0.45,0,32,42.2,45.2,1162
34.6,71.0,0.47,1,33,48.7,41.2,1230
21.9,63.2,0.52,0,18,35.5,58.8,1270
44.4,59.0,0.55,1,28,55.7,38.8,1210
44.7,83.2,0.43,0,13,53.9,43.7,1150
37.5,66.0,0.52,1,23,50.1,45.7,1266
33.4,64.0,0.5,0,29,45.4,44.5,1156
27.7,41.3,0.46,0,22,41.3,48.1,1185
40.3,57.1,0.54,1,27,52.5,41.6,1233
37.1,59.0,0.39,0,29,49.6,37.0,1096
24.1,59.9,0.37,0,46,40.2,36.9,1095
42.8,69.0,0.52,1,37,55.0,35.2,1182
40.6,66.7,0.44,0,27,51.6,38.4,1107
43.7,70.4,0.52,0,17,52.7,44.8,1158
38.1,78.2,0.53,0,23,48.3,46.8,1174
35.3,80.6,0.36,1,24,49.7,41.8,1234
30.5,75.9,0.53,1,15,43.8,55.9,1347
43.3,87.8,0.44,1,13,54.6,45.6,1265
41.7,40.9,0.45,0,37,53.4,30.4,1043
21.1,49.8,0.48,0,38,36.5,46.4,1171
20.7,40.4,0.54,0,38,35.8,48.2,1186
29.4,72.4,0.35,0,26,43.4,43.7,1150
40.3,84.9,0.45,1,19,52.5,44.8,1258
44.7,52.2,0.49,0,18,54.2,40.5,1124
23.8,86.4,0.49,0,23,37.1,56.1,1249
34.9,43.0,0.49,0,24,46.9,43.5,1148
29.5,86.7,0.38,1,28,45.0,45.2,1262
44.2,57.6,0.41,0,28,55.0,33.2,1066
41.1,45.1,0.42,0,47,53.6,25.0,1000
41.0,64.3,0.51,0,32,51.5,38.1,1105
31.7,52.8,0.41,0,19,44.7,46.0,1168
30.4,54.2,0.39,0,16,43.6,47.7,1182
26.8,55.4,0.54,1,37,42.3,45.9,1267
21.4,80.2,0.35,0,27,36.9,49.5,1196
41.6,67.0,0.55,0,47,52.3,32.1,1057
40.3,55.6,0.49,0,39,51.7,33.5,1068
45.0,70.5,0.52,0,40,54.9,32.4,1059
44.9,75.8,0.41,0,23,55.0,37.1,1097
33.9,53.6,0.35,0,48,48.4,27.6,1021
39.2,60.7,0.5,0,41,50.7,34.1,1073
43.6,46.1,0.52,0,34,54.0,33.9,1071
41.2,49.1,0.5,0,27,51.8,38.6,1109
26.2,74.1,0.38,0,25,40.4,47.8,1182
31.3,49.1,0.5,1,21,45.6,48.5,1288
23.2,66.3,0.5,1,18,38.6,57.4,1359
43.9,75.5,0.48,1,48,56.7,28.0,1124
35.2,45.3,0.5,1,40,49.8,35.9,1187
25.7,68.4,0.52,0,14,38.2,58.6,1269
36.8,52.8,0.47,1,26,50.5,41.3,1230
35.5,88.1,0.37,1,47,50.8,31.3,1150
29.0,64.2,0.45,0,30,42.4,45.1,1161
22.8,80.3,0.37,1,24,39.6,50.9,1307
36.8,67.5,0.43,1,32,50.9,38.2,1206
33.0,42.2,0.43,0,48,47.2,30.3,1042
39.3,71.7,0.36,0,38,51.8,31.1,1049
33.0,87.6,0.42,0,40,45.9,38.5,1108
41.3,70.1,0.37,1,31,55.0,33.4,1167
33.8,81.0,0.51,1,36,47.6,42.8,1242
34.0,84.2,0.54,0,17,44.5,53.7,1230
41.9,51.4,0.36,0,47,54.7,24.0,992
30.1,50.6,0.54,1,13,43.8,55.1,1341
23.4,70.5,0.45,0,33,38.0,48.2,1186
20.7,60.6,0.41,1,43,38.9,42.5,1240
38.9,82.0,0.37,0,27,50.6,38.3,1106
35.5,85.0,0.45,0,29,47.2,43.2,1146
37.6,57.7,0.51,1,16,50.1,47.8,1282
25.3,51.8,0.49,0,47,40.2,39.6,1117
23.4,79.0,0.36,0,41,39.1,41.4,1131
20.4,53.7,0.36,0,30,36.6,46.5,1172
28.8,81.1,0.43,1,34,44.3,44.2,1254
34.7,61.2,0.41,0,45,48.2,31.7,1054
29.8,73.4,0.4,0,24,43.1,46.5,1172
30.9,44.8,0.41,0,40,45.2,35.2,1082
42.6,71.2,0.51,0,47,53.4,30.2,1042
28.7,62.6,0.54,0,33,41.5,47.3,1178
32.8,69.3,0.43,0,47,46.4,33.7,1070
39.6,48.4,0.53,1,20,51.9,44.3,1254
29.9,76.8,0.41,1,30,45.3,44.2,1254
35.6,83.1,0.45,0,17,46.7,48.9,1191
41.6,50.8,0.4,1,26,55.1,35.0,1180
43.7,44.8,0.48,1,31,56.3,33.6,1169
23.7,41.2,0.55,0,20,37.1,55.5,1244
43.2,72.1,0.47,1,43,56.1,30.3,1142
32.3,70.4,0.42,1,15,46.5,49.7,1298
26.5,67.3,0.48,1,29,42.0,48.9,1291
31.5,51.6,0.37,1,16,46.8,45.9,1267
44.5,59.5,0.53,1,31,56.2,36.5,1192
32.3,69.7,0.45,1,34,47.1,41.4,1231
28.2,64.8,0.44,1,22,43.5,49.3,1294
35.8,89.4,0.47,1,48,50.1,34.7,1178
26.0,46.8,0.47,0,33,40.3,44.8,1158
21.9,74.8,0.36,0,15,36.7,55.0,1240
23.2,60.2,0.49,1,40,40.0,45.4,1263
23.2,61.4,0.4,1,45,41.1,39.4,1215
23.8,75.9,0.49,0,24,37.3,54.5,1236
23.5,74.6,0.51,1,20,38.7,57.4,1359
36.0,89.6,0.51,1,42,49.5,39.2,1214
24.5,46.4,0.46,0,18,38.5,52.9,1223
28.6,45.2,0.45,0,15,41.7,51.0,1208
42.4,76.2,0.38,0,30,53.6,34.1,1073
31.8,68.9,0.51,1,41,46.5,40.5,1224
36.7,53.7,0.4,1,42,51.9,30.7,1146
24.3,44.0,0.45,0,46,39.9,38.4,1107
24.8,44.3,0.41,0,32,40.0,43.5,1148
21.0,84.7,0.38,1,42,38.9,44.0,1252
24.2,49.6,0.48,0,30,38.6,48.2,1186
27.0,56.2,0.36,1,42,44.5,36.1,1189
24.4,51.3,0.5,1,43,41.1,42.6,1241
22.2,57.7,0.41,0,13,36.7,56.1,1249
23.0,43.5,0.35,0,21,38.6,47.8,1182
31.5,66.0,0.45,1,13,45.5,52.0,1316
25.2,43.4,0.36,0,13,39.8,50.6,1205
29.1,80.0,0.41,0,35,42.8,42.5,1140
32.6,51.7,0.49,0,28,45.0,44.0,1152
37.3,67.0,0.36,0,43,50.6,29.5,1036
21.0,84.0,0.52,1,27,36.8,57.0,1356
40.0,72.5,0.35,1,27,53.9,35.8,1186
35.7,66.6,0.4,1,42,50.8,32.7,1162
22.0,56.2,0.5,1,35,38.7,48.7,1290
41.8,56.7,0.41,0,12,52.3,42.8,1142
43.0,73.5,0.37,0,22,53.8,37.1,1097
21.5,89.7,0.42,1,32,38.3,50.7,1306
26.9,73.1,0.4,1,15,42.3,53.0,1324
40.2,67.9,0.52,0,18,50.0,46.4,1171
38.7,76.5,0.41,1,37,52.7,34.5,1176
24.6,63.3,0.51,1,23,40.0,54.0,1332
25.2,43.0,0.53,0,42,39.6,42.9,1143
29.3,68.1,0.44,1,28,44.6,45.9,1267
32.1,87.9,0.53,0,44,44.3,41.5,1132
35.5,48.8,0.43,0,22,47.7,42.2,1138
29.2,74.5,0.54,1,39,43.9,45.1,1261
31.6,50.0,0.37,0,43,46.2,32.2,1058
38.7,66.8,0.49,1,12,50.8,49.2,1294
20.9,44.8,0.45,0,39,36.8,44.4,1155
26.3,62.5,0.43,1,18,41.9,52.0,1316
37.8,77.8,0.48,1,13,50.0,50.0,1300
42.4,57.4,0.49,1,35,55.1,34.2,1174
32.8,73.2,0.35,0,15,45.5,46.9,1175
33.3,79.8,0.38,0,30,46.2,40.9,1127
22.7,86.4,0.49,1,37,38.9,49.8,1298
31.2,51.7,0.48,0,22,43.7,47.5,1180
33.3,60.0,0.54,1,22,46.6,49.3,1294
26.1,47.6,0.5,1,14,41.1,55.5,1344
26.7,89.6,0.54,0,23,38.8,56.4,1251
29.4,86.4,0.49,1,14,43.1,56.7,1354
20.5,67.0,0.41,0,38,36.4,45.8,1166
28.1,82.1,0.37,1,13,43.3,52.8,1322
25.3,66.0,0.51,0,27,38.7,51.8,1214
28.2,71.2,0.48,1,13,42.5,56.1,1349
23.0,44.5,0.36,1,41,41.5,38.3,1206
42.3,77.8,0.42,0,31,53.1,35.5,1084
34.8,46.4,0.54,1,39,49.0,38.4,1207
37.0,81.3,0.45,1,36,50.8,38.2,1206
39.7,79.1,0.44,0,43,51.4,32.2,1058
32.5,75.4,0.44,1,21,46.6,47.9,1283
22.2,41.8,0.39,0,44,38.7,38.2,1106
33.4,55.2,0.42,1,24,48.1,42.9,1243
34.7,53.2,0.42,0,48,48.4,29.8,1038
38.6,58.0,0.36,1,27,53.0,35.7,1186
30.8,44.4,0.5,1,33,45.9,42.4,1239
23.2,86.8,0.43,1,31,39.6,50.1,1301
27.1,67.7,0.51,0,38,40.6,45.2,1162
29.1,55.3,0.52,0,27,41.8,48.5,1188
36.1,59.8,0.39,0,45,49.5,29.8,1038
34.3,62.4,0.48,0,43,47.0,35.9,1087
28.9,70.0,0.44,1,37,44.7,41.9,1235
44.7,65.8,0.53,1,36,56.4,34.5,1176
35.1,86.0,0.39,0,13,46.6,49.1,1193
25.9,64.8,0.49,0,23,39.2,52.5,1220
22.5,89.6,0.47,0,20,36.0,58.0,1264
23.8,82.6,0.41,1,23,39.9,52.5,1320
26.1,50.4,0.38,0,37,41.4,39.5,1116
24.0,86.5,0.48,0,20,37.2,57.0,1256
24.7,45.8,0.5,1,21,40.4,52.8,1322
27.1,80.9,0.41,1,43,43.6,40.0,1220
24.3,59.0,0.48,0,45,39.2,41.6,1133
42.4,83.9,0.43,1,31,55.0,36.4,1191
22.0,83.4,0.49,0,13,35.2,62.0,1296
33.1,80.3,0.39,1,12,47.1,50.5,1304
30.3,79.5,0.53,0,47,43.2,40.4,1123
44.6,55.2,0.41,0,35,55.7,29.2,1034
22.8,44.0,0.42,0,38,38.6,42.2,1138
29.9,60.1,0.36,0,13,43.3,49.0,1192
44.2,48.7,0.37,1,42,58.3,24.0,1092
41.6,74.7,0.45,1,25,54.0,39.8,1218
40.4,57.3,0.4,1,13,53.3,43.0,1244
26.4,88.8,0.52,1,40,41.6,47.2,1278
24.3,72.0,0.35,0,26,39.3,47.2,1178
36.7,81.1,0.43,0,23,48.1,44.1,1153
43.2,46.6,0.42,1,48,57.3,24.0,1092
33.9,83.1,0.35,1,39,49.4,35.1,1181
34.3,86.1,0.37,1,31,49.1,39.9,1219
27.0,64.4,0.43,1,35,43.3,43.2,1246
39.2,70.3,0.45,1,32,52.6,37.6,1201
24.7,78.2,0.43,0,21,38.4,53.2,1226
28.1,48.7,0.46,0,25,41.7,47.1,1177
30.6,65.1,0.47,0,48,44.4,35.9,1087
32.7,59.9,0.35,1,29,48.4,38.6,1209
26.1,47.3,0.44,1,35,42.8,42.6,1241
22.9,58.4,0.54,1,25,38.5,54.9,1339
35.3,43.4,0.45,1,45,50.6,31.1,1149
27.2,41.3,0.49,0,23,40.7,49.2,1194
34.5,46.8,0.41,0,33,47.7,36.4,1091
23.9,88.2,0.5,1,17,38.7,59.6,1377
32.0,67.5,0.5,0,47,45.1,36.8,1094
33.3,88.3,0.45,0,47,46.2,36.0,1088
21.3,61.6,0.55,1,33,37.5,52.8,1322
28.4,55.6,0.38,1,25,44.6,44.4,1255
23.4,65.3,0.35,1,27,40.8,46.7,1274
21.6,62.0,0.5,1,47,38.9,43.6,1249
44.7,45.3,0.51,1,36,57.1,31.6,1153
28.1,72.0,0.37,1,43,45.0,36.8,1194
40.2,50.8,0.4,0,44,52.8,26.9,1015
26.4,71.0,0.35,0,47,42.1,35.1,1081
37.0,72.5,0.41,1,31,51.1,38.2,1206
39.0,47.6,0.5,0,29,50.2,39.0,1112
34.9,43.1,0.45,1,14,48.8,46.9,1275
31.8,79.0,0.42,1,34,46.9,41.4,1231
30.3,63.0,0.42,1,43,46.4,36.4,1191
28.7,42.9,0.35,1,27,45.5,40.7,1226
43.2,89.7,0.41,0,16,53.0,43.1,1145
40.8,42.9,0.48,1,15,53.2,43.4,1247
44.1,74.8,0.54,0,32,53.5,38.2,1106
23.1,89.2,0.52,1,25,38.2,57.0,1356
38.3,52.0,0.35,1,42,53.7,27.4,1119
43.5,47.1,0.53,1,25,55.3,39.0,1212
24.5,46.1,0.51,0,17,37.9,55.4,1243
21.7,55.2,0.51,1,23,37.8,55.2,1342
38.5,45.1,0.44,1,27,52.3,37.7,1202
34.4,74.6,0.43,1,28,48.6,42.6,1241
41.0,43.1,0.41,0,34,53.0,31.0,1048
23.5,65.5,0.36,0,25,38.6,48.0,1184
39.9,89.8,0.4,0,18,50.5,44.1,1153
25.0,80.7,0.4,1,43,42.0,41.1,1229
24.1,70.8,0.45,0,26,38.2,51.2,1210
24.1,55.3,0.5,1,28,40.1,50.7,1306
40.4,71.2,0.44,0,45,52.2,29.9,1039
36.6,66.4,0.36,0,16,48.7,43.4,1147
33.1,61.3,0.54,1,38,47.3,41.6,1233
29.0,46.5,0.54,0,34,42.1,45.0,1160
41.9,84.3,0.51,1,25,53.5,43.0,1244
29.8,62.5,0.55,1,26,43.9,50.4,1303
40.4,49.7,0.46,0,44,52.4,29.1,1033
31.0,58.4,0.54,1,42,45.8,40.7,1226
29.4,60.7,0.37,1,46,46.4,33.3,1166
31.6,81.4,0.42,0,28,44.4,44.8,1158
27.5,76.7,0.4,0,39,41.9,40.9,1127
38.7,78.5,0.39,1,30,52.5,37.4,1199
32.6,40.6,0.38,0,34,46.7,35.4,1083
25.8,60.8,0.47,1,43,42.4,41.3,1230
42.5,64.1,0.51,1,24,54.3,41.1,1229
29.6,41.0,0.47,0,31,43.2,42.7,1142
33.6,53.0,0.38,0,46,47.8,30.0,1040
42.7,78.0,0.51,0,16,51.8,46.3,1170
35.6,46.9,0.48,0,20,47.2,45.0,1160
22.9,66.8,0.43,1,40,40.2,43.8,1250
43.5,50.8,0.48,1,17,55.3,41.3,1230
35.7,40.6,0.4,0,36,49.0,33.1,1065
28.4,52.1,0.42,0,42,43.1,37.1,1097
23.5,88.8,0.53,1,33,38.9,53.1,1325
39.9,80.1,0.41,1,13,52.4,46.0,1268
35.5,88.0,0.44,1,16,48.5,49.6,1297
33.3,64.4,0.53,1,38,47.5,41.3,1230
42.3,45.5,0.49,0,36,53.3,32.5,1060
39.7,67.4,0.36,1,19,53.3,39.8,1218
23.8,62.7,0.38,1,12,40.1,54.8,1338
27.8,82.2,0.35,0,31,42.1,43.3,1146
26.2,44.9,0.48,1,34,42.5,44.4,1255
38.6,64.4,0.44,1,43,52.8,31.5,1152
20.8,47.5,0.38,0,22,36.5,50.4,1203
34.2,56.2,0.54,0,35,46.1,41.8,1134
39.1,76.9,0.46,0,22,49.7,43.7,1150
41.9,63.8,0.4,1,40,55.7,29.1,1133
28.6,58.8,0.45,1,37,44.6,41.4,1231
40.5,59.7,0.49,0,27,51.2,39.7,1118
22.8,63.0,0.37,0,46,39.1,38.1,1105
41.2,79.3,0.4,1,31,54.4,35.6,1185
23.2,84.6,0.51,0,14,36.0,61.6,1293
29.9,87.8,0.44,0,12,41.9,55.5,1244
39.9,79.3,0.46,0,12,49.8,48.4,1187
23.7,55.8,0.44,1,28,40.3,48.6,1289
25.7,74.4,0.36,1,13,41.6,53.4,1327
38.1,61.9,0.38,1,40,52.9,30.7,1146
38.0,52.7,0.44,1,31,52.0,36.8,1194
36.0,82.0,0.39,1,17,49.6,46.1,1269
37.3,41.9,0.36,1,19,51.9,39.0,1212
33.6,85.1,0.52,0,40,45.5,41.8,1134
26.3,63.1,0.55,1,44,42.0,43.9,1251
28.6,71.9,0.51,1,14,42.5,56.6,1353
24.5,73.0,0.52,0,46,38.7,44.0,1152
42.7,84.8,0.4,1,16,54.8,42.6,1241
34.6,71.8,0.54,1,38,48.2,41.6,1233
30.0,70.7,0.39,0,23,43.3,46.2,1170
31.6,43.3,0.54,0,31,44.1,44.3,1154
43.7,65.9,0.55,0,31,53.2,38.5,1108
23.8,47.5,0.49,1,20,39.7,53.7,1330
34.7,76.9,0.55,0,15,45.0,53.9,1231
32.6,65.6,0.46,1,30,47.2,43.1,1245
35.3,74.0,0.4,1,38,50.2,35.7,1186
20.5,42.1,0.44,1,24,37.9,51.5,1312
41.8,44.2,0.47,1,24,54.6,38.0,1204
43.3,75.8,0.36,0,33,54.7,31.2,1050
34.1,43.6,0.47,0,39,47.2,35.8,1086
37.4,43.6,0.55,1,33,50.7,39.7,1218
43.1,40.6,0.39,0,30,54.8,30.5,1044
37.7,87.8,0.51,1,19,49.8,49.3,1294
23.8,76.9,0.53,1,19,38.7,58.7,1370
34.4,57.7,0.54,1,37,48.3,40.8,1226
35.2,54.8,0.54,0,37,47.0,39.9,1119
30.6,57.5,0.45,1,34,46.0,41.3,1230
38.4,78.7,0.55,1,24,50.3,47.0,1276
43.4,73.1,0.5,0,39,53.7,33.4,1067
43.1,49.3,0.38,0,20,54.2,36.0,1088
31.3,48.7,0.45,0,31,44.6,41.5,1132
22.8,44.9,0.49,0,30,37.4,49.1,1193
44.6,73.0,0.4,1,23,56.9,36.6,1193
41.0,78.2,0.48,0,26,51.2,41.3,1130
23.1,53.3,0.48,1,42,40.2,43.4,1247
43.0,41.0,0.38,0,25,54.5,32.7,1062
41.7,44.1,0.46,0,22,52.5,38.6,1109
33.0,88.4,0.5,0,37,45.0,43.2,1146
34.8,54.8,0.45,0,38,47.6,36.1,1089
30.0,78.5,0.35,0,22,43.5,45.8,1166
21.4,71.2,0.35,0,45,37.9,39.6,1117
28.4,59.1,0.42,1,30,44.3,43.8,1250
40.1,50.3,0.54,0,17,50.0,46.1,1169
20.1,46.1,0.4,0,39,36.6,43.0,1144
28.3,70.8,0.48,0,12,40.5,56.5,1252
30.0,78.7,0.39,0,46,44.3,35.5,1084
33.4,72.2,0.41,1,19,47.6,46.7,1274
43.0,66.5,0.52,0,18,52.3,44.4,1155
28.7,42.1,0.5,0,22,41.7,49.1,1193
28.7,88.4,0.37,0,15,41.7,52.0,1216
38.4,79.9,0.44,0,36,50.0,36.7,1094
31.3,54.6,0.36,1,23,47.0,42.4,1239
25.6,89.0,0.45,0,37,39.6,46.5,1172
31.3,70.1,0.48,1,23,45.5,48.8,1290
23.5,69.1,0.37,0,48,39.6,37.3,1098
24.4,77.4,0.41,1,35,41.1,45.6,1265
32.5,80.6,0.43,1,27,46.9,45.0,1260
30.5,72.8,0.53,0,24,42.3,51.1,1209
42.9,46.4,0.55,0,36,53.2,34.6,1077
29.1,56.9,0.36,1,15,44.8,48.2,1286
34.5,86.4,0.5,1,22,47.5,49.5,1296
35.8,51.2,0.42,0,43,49.1,31.4,1051
20.3,58.6,0.43,1,18,37.2,55.8,1346
36.6,61.6,0.5,1,22,49.6,45.5,1264
24.5,62.0,0.53,1,39,40.5,46.8,1274
44.0,70.6,0.54,0,34,53.6,36.9,1095
23.7,87.2,0.47,1,34,39.7,49.9,1299
30.4,52.0,0.42,1,39,46.5,37.2,1198
22.1,46.1,0.51,1,37,39.0,47.0,1276
44.9,49.9,0.4,0,36,56.2,27.6,1021
32.6,84.3,0.46,0,40,45.3,40.0,1120
34.9,72.3,0.42,1,30,49.3,40.6,1225
21.7,54.3,0.48,0,44,37.2,43.4,1147
38.7,80.8,0.4,1,47,53.2,29.5,1136
25.2,83.1,0.39,0,25,39.3,49.8,1198
42.5,82.3,0.53,0,25,51.8,43.2,1146
25.1,85.9,0.37,1,46,42.5,38.8,1210
24.8,52.6,0.45,0,41,39.8,41.4,1131
20.9,77.8,0.39,0,39,36.7,45.2,1162
31.8,63.0,0.36,0,28,45.5,40.4,1123
34.1,82.1,0.36,1,14,48.2,47.7,1282
21.6,76.4,0.39,0,27,36.7,50.6,1205
39.4,78.8,0.52,0,41,50.3,36.6,1093
31.3,72.8,0.41,1,40,47.0,37.8,1202
33.1,48.9,0.54,0,26,44.9,46.3,1170
31.0,67.3,0.47,0,36,44.1,41.8,1134
30.0,89.2,0.44,0,34,43.0,44.5,1156
34.0,86.9,0.47,0,36,46.1,41.7,1134
23.9,42.2,0.45,0,18,38.2,52.5,1220
24.5,48.2,0.5,1,33,40.8,47.2,1278
41.5,46.6,0.41,1,28,55.1,34.0,1172
43.7,76.3,0.42,0,29,54.2,35.3,1082
29.3,80.9,0.53,0,21,41.1,54.3,1234
26.8,50.7,0.54,0,21,39.6,53.4,1227
36.1,65.3,0.53,1,18,48.7,49.5,1296
30.2,82.0,0.43,1,38,45.6,41.3,1230
20.6,76.6,0.51,0,44,35.5,47.6,1181
23.9,67.1,0.45,0,12,37.4,58.0,1264
37.9,69.5,0.45,1,45,52.2,31.9,1155
36.5,65.4,0.39,0,15,48.2,45.1,1161
20.7,54.9,0.47,1,28,37.7,51.8,1314
25.5,68.3,0.39,1,15,41.4,53.1,1325
25.8,74.4,0.42,0,37,40.3,43.7,1150
36.8,83.7,0.52,1,15,48.8,51.9,1315
20.5,71.8,0.39,0,12,35.2,58.4,1267
22.6,78.1,0.36,0,18,37.3,53.4,1227
40.0,48.0,0.36,0,41,53.0,26.7,1014
24.5,63.1,0.54,0,20,37.4,56.8,1254
36.3,40.5,0.45,0,46,49.5,29.6,1037
26.0,52.3,0.43,0,19,39.9,50.7,1206
22.5,76.3,0.51,1,35,38.6,50.8,1306
26.1,89.6,0.52,1,30,40.9,52.5,1320
38.1,45.0,0.42,1,47,53.2,27.1,1117
41.4,60.1,0.49,1,38,54.4,33.6,1169
40.8,80.0,0.5,0,43,51.7,33.9,1071
29.9,50.2,0.48,1,25,44.9,46.8,1274
36.7,67.8,0.38,1,29,51.2,37.8,1202
25.1,76.7,0.53,1,39,40.7,47.8,1282
27.3,70.8,0.46,0,40,41.3,42.4,1139
42.4,49.4,0.41,1,27,55.7,34.2,1174
20.3,57.8,0.44,0,46,36.5,42.2,1138
22.1,79.2,0.36,1,42,40.1,41.8,1234
25.2,67.7,0.38,0,15,39.3,52.8,1222
20.7,40.3,0.5,0,48,36.7,41.5,1132
24.5,78.0,0.35,1,28,41.4,46.7,1274
34.6,41.8,0.43,0,37,47.9,34.7,1078
30.5,77.3,0.45,0,15,42.6,52.9,1223
42.3,50.1,0.36,1,41,56.8,25.3,1102
40.4,87.9,0.54,1,41,52.7,37.6,1201
28.5,58.4,0.4,1,33,44.8,41.4,1231
26.5,56.3,0.41,0,22,40.6,48.5,1188
29.5,47.4,0.41,0,13,42.7,50.0,1200
34.8,55.3,0.4,0,23,47.4,41.7,1134
26.7,83.8,0.35,1,41,43.7,39.2,1214
35.6,89.8,0.5,0,47,47.5,36.6,1093
30.2,58.4,0.54,0,29,42.5,47.8,1182
33.8,62.4,0.39,0,37,47.2,35.7,1086
30.9,76.1,0.48,0,18,42.8,52.2,1218
27.4,84.3,0.5,0,12,39.3,59.3,1274
43.7,69.7,0.52,0,37,53.7,34.7,1078
39.1,59.6,0.43,0,34,51.0,34.8,1078
23.5,60.6,0.41,1,37,40.8,43.5,1248
41.7,74.8,0.42,1,17,54.0,42.6,1241
32.2,40.2,0.49,1,17,46.4,48.6,1289
42.4,71.0,0.51,0,19,51.8,44.3,1154
40.0,57.8,0.39,0,35,52.2,31.9,1055
30.6,79.7,0.42,1,33,45.8,42.8,1242
20.6,44.6,0.53,0,30,35.3,52.2,1218
26.7,69.4,0.51,1,48,42.8,40.7,1226
33.5,64.0,0.55,0,29,45.0,46.4,1171
35.8,72.1,0.5,0,42,47.8,37.2,1098
26.4,43.2,0.43,1,48,43.9,35.0,1180
23.5,69.0,0.47,1,41,40.3,44.8,1258
40.9,68.1,0.48,1,44,54.3,31.4,1151
44.6,68.0,0.37,1,21,57.2,35.9,1187
33.1,70.2,0.46,1,48,48.4,34.2,1174
24.3,73.8,0.49,0,23,37.7,54.5,1236
26.8,80.2,0.38,0,41,41.6,40.0,1120
20.5,53.5,0.51,0,38,35.6,48.4,1187
42.9,81.3,0.47,1,20,54.5,42.9,1243
22.9,64.9,0.54,1,32,38.7,52.1,1317
34.4,43.9,0.36,1,23,49.7,39.2,1214
26.9,42.9,0.4,1,40,44.2,37.5,1200
33.9,56.7,0.47,1,44,49.0,34.7,1178
36.3,79.2,0.41,1,26,50.2,41.9,1235
40.7,75.4,0.49,0,13,50.3,48.2,1186
25.2,79.4,0.5,0,29,38.5,51.8,1214
20.3,65.9,0.37,0,14,35.4,56.2,1250
23.4,62.0,0.45,0,18,37.4,54.8,1238
42.5,47.4,0.45,0,29,53.5,34.5,1076
41.8,56.4,0.42,1,48,56.0,25.2,1102
34.9,61.7,0.54,1,44,49.0,37.3,1198
35.0,44.4,0.52,1,42,49.5,35.7,1186
36.6,51.0,0.49,1,22,50.0,44.1,1253
24.4,69.9,0.49,1,15,39.5,58.0,1364
42.9,76.8,0.44,1,29,55.3,36.8,1194
30.5,89.9,0.53,0,15,41.6,57.3,1258
29.6,86.7,0.49,1,45,44.8,41.1,1229
33.0,72.1,0.5,1,40,47.5,40.1,1221
21.2,61.1,0.52,1,35,37.8,50.6,1305
24.2,71.8,0.4,1,33,41.1,45.7,1266
38.5,79.3,0.51,0,13,48.3,50.9,1207
22.1,45.9,0.39,0,17,37.2,52.2,1218
35.1,60.5,0.42,1,36,50.0,36.3,1190
26.1,82.0,0.42,0,32,40.1,46.7,1174
29.7,59.2,0.55,0,27,41.9,49.6,1197
27.2,68.6,0.52,1,42,42.8,43.6,1249
28.9,69.4,0.49,1,25,43.6,49.8,1298
38.0,49.2,0.5,1,39,51.9,34.8,1178
27.4,58.1,0.46,1,43,43.8,39.5,1216
34.2,56.7,0.54,1,39,48.3,39.8,1218
31.9,41.3,0.45,0,20,44.7,45.8,1166
36.6,41.2,0.43,1,33,51.3,35.2,1182
43.4,81.6,0.38,1,43,56.9,27.5,1120
38.3,53.7,0.51,1,16,50.8,47.0,1276
25.4,65.9,0.5,0,34,39.2,47.8,1182
20.8,54.9,0.43,1,16,37.5,56.1,1349
26.6,87.0,0.36,1,43,43.6,39.0,1212
34.9,53.0,0.52,1,21,48.2,47.2,1278
21.3,61.5,0.35,0,26,37.1,48.2,1186
32.4,83.6,0.49,1,18,45.7,52.3,1318
34.9,82.1,0.54,1,40,48.4,41.4,1231
28.4,49.3,0.44,1,14,43.5,51.6,1313
39.3,80.1,0.4,0,30,50.8,37.5,1100
22.7,62.9,0.49,1,21,38.6,55.5,1344
21.9,64.1,0.51,1,39,38.6,48.0,1284
38.2,46.7,0.46,1,40,52.5,32.3,1158
32.4,44.0,0.54,0,26,44.4,46.3,1170
37.2,76.4,0.36,1,46,52.4,29.0,1132
30.9,64.8,0.45,1,17,45.3,50.4,1303
26.2,61.8,0.49,1,23,41.5,51.9,1315
40.5,76.5,0.52,0,24,50.4,44.1,1153
40.0,78.3,0.39,0,40,52.0,31.4,1051
37.4,47.9,0.51,1,30,50.9,40.0,1220
26.8,70.5,0.46,0,14,39.6,55.7,1246
34.8,46.8,0.43,0,19,47.1,44.0,1152
29.0,77.6,0.38,0,19,42.3,49.2,1194
22.3,72.8,0.52,1,31,38.2,53.0,1324
42.9,87.8,0.38,1,15,55.0,42.4,1239
23.4,43.4,0.41,0,32,38.9,44.4,1155
43.8,42.9,0.41,0,14,54.3,39.0,1112
31.2,54.1,0.52,0,19,43.1,50.9,1207
